part_no;description;component_no;quantity
4073372RB;Cable base kit 9, 13, 17 Electronics shelf;L0590020R0;1
4073372RB;Cable base kit 9, 13, 17 Electronics shelf;4006359RA;1
4073372RB;Cable base kit 9, 13, 17 Electronics shelf;4073019RA;1
4073372RB;Cable base kit 9, 13, 17 Electronics shelf;L0590058R0;2
4073372RB;Cable base kit 9, 13, 17 Electronics shelf;4072973RA;1
4073372RB;Cable base kit 9, 13, 17 Electronics shelf;L059014R3;1
4073372RB;Cable base kit 9, 13, 17 Electronics shelf;4006357RA;1
4073372RB;Cable base kit 9, 13, 17 Electronics shelf;L0490540R0;1
4073372RB;Cable base kit 9, 13, 17 Electronics shelf;4006370RA;1
4073372RB;Cable base kit 9, 13, 17 Electronics shelf;L0590074R0;1
4073372RB;Cable base kit 9, 13, 17 Electronics shelf;L0490029RD;1
4073372RB;Cable base kit 9, 13, 17 Electronics shelf;4006358RA;1
4073348RB;Cable base kit PP30E;L0590020R0;1
4073348RB;Cable base kit PP30E;4072973RA;1
4073348RB;Cable base kit PP30E;L0590014R3;1
4073348RB;Cable base kit PP30E;4006357RA;1
4073348RB;Cable base kit PP30E;L0490540R0;1
4073348RB;Cable base kit PP30E;4077572;1
4073348RB;Cable base kit PP30E;L0590074R0;1
4073348RB;Cable base kit PP30E;L0790029RD;1
4073348RB;Cable base kit PP30E;4006358RA;1
4073348RB;Cable base kit PP30E;4006359RA;1
4073348RB;Cable base kit PP30E;4073019RA;1
4073348RB;Cable base kit PP30E;L0590058R0;2
4073348RB;Cable base kit PP30E;4067391;1
4073348RB;Cable base kit PP30E;4067166;1
4073348RB;Cable base kit PP30E;4067401;1
4073268RB;Cable Base kit PP30 X;L0590286-2;1
4073268RB;Cable Base kit PP30 X;4070121RB;1
4073268RB;Cable Base kit PP30 X;L0490331R0;1
4073268RB;Cable Base kit PP30 X;4069996RB;1
4073268RB;Cable Base kit PP30 X;4006046RA;2
4073268RB;Cable Base kit PP30 X;4006337RA;1
4073268RB;Cable Base kit PP30 X;4006333RA;1
4073268RB;Cable Base kit PP30 X;4014275RA;1
4073268RB;Cable Base kit PP30 X;L0490540R0;1
4073268RB;Cable Base kit PP30 X;4060869RA;1
4073268RB;Cable Base kit PP30 X;4006366RA;1
4073268RB;Cable Base kit PP30 X;4059486;1
4073268RB;Cable Base kit PP30 X;L0590539R0;3
4073268RB;Cable Base kit PP30 X;L0590023R0;1
4073268RB;Cable Base kit PP30 X;L0790056RB;1
4073268RB;Cable Base kit PP30 X;L0790057RD;1
4073268RB;Cable Base kit PP30 X;L0790058RE;1
4073268RB;Cable Base kit PP30 X;L0790072RA;1
4073268RB;Cable Base kit PP30 X;L0790084RA;1
4073268RB;Cable Base kit PP30 X;4025015RA;1
4073268RB;Cable Base kit PP30 X;4025016RA;1
4073268RB;Cable Base kit PP30 X;4022022RA;1
4073268RB;Cable Base kit PP30 X;4048552RA;1
4073268RB;Cable Base kit PP30 X;L0790094RC;3
4073268RB;Cable Base kit PP30 X;L0590249R0;1
4073268RB;Cable Base kit PP30 X;4074488RA;1
4073268RB;Cable Base kit PP30 X;4006373RB;1
4073268RB;Cable Base kit PP30 X;L0790092RA;1
4073268RB;Cable Base kit PP30 X;4006121;2
4070440RC;Cable Base kit PP30E X;L-0590286-2;1
4070440RC;Cable Base kit PP30E X;4006121RA;2
4070440RC;Cable Base kit PP30E X;L0490331R0;1
4070440RC;Cable Base kit PP30E X;4070121RC;1
4070440RC;Cable Base kit PP30E X;4069996RB;1
4070440RC;Cable Base kit PP30E X;4006046RA;2
4070440RC;Cable Base kit PP30E X;4006337RA;1
4070440RC;Cable Base kit PP30E X;4067404;1
4070440RC;Cable Base kit PP30E X;4014275RA;1
4070440RC;Cable Base kit PP30E X;L0490540R0;1
4070440RC;Cable Base kit PP30E X;4060869RA;1
4070440RC;Cable Base kit PP30E X;4006366RA;1
4070440RC;Cable Base kit PP30E X;4059486;1
4070440RC;Cable Base kit PP30E X;L0490539R0;3
4070440RC;Cable Base kit PP30E X;L0590023R0;1
4070440RC;Cable Base kit PP30E X;L0790056RB;1
4070440RC;Cable Base kit PP30E X;L0790057RD;1
4070440RC;Cable Base kit PP30E X;L0790058RE;1
4070440RC;Cable Base kit PP30E X;L0790072RA;1
4070440RC;Cable Base kit PP30E X;L0790084RA;1
4070440RC;Cable Base kit PP30E X;4025015RA;1
4070440RC;Cable Base kit PP30E X;4025016RA;1
4070440RC;Cable Base kit PP30E X;4022022RA;1
4070440RC;Cable Base kit PP30E X;4048552RA;1
4070440RC;Cable Base kit PP30E X;4074488RA;1
4070440RC;Cable Base kit PP30E X;4077562;1
4070440RC;Cable Base kit PP30E X;L0790092RA;1
4070440RC;Cable Base kit PP30E X;L0590249R0;1
4070440RC;Cable Base kit PP30E X;4006333RA;1
4070440RC;Cable Base kit PP30E X;L0790094RC;3
4067712RB;Cable kit PP30E;4006336RA;1
4067712RB;Cable kit PP30E;4006334RA;1
4067712RB;Cable kit PP30E;4077574;1
4067712RB;Cable kit PP30E;4014275RA;1
4067712RB;Cable kit PP30E;L0490539R0;2
4067712RB;Cable kit PP30E;L0490540R0;1
4067712RB;Cable kit PP30E;L0490586R0;1
4067712RB;Cable kit PP30E;L0790092RA;1
4067712RB;Cable kit PP30E;L0790072RA;1
4067712RB;Cable kit PP30E;4067404;1
4001292RE;Cable kit PP30 add-on 2X;L0490539R0;2
4001292RE;Cable kit PP30 add-on 2X;L0490540R0;1
4001292RE;Cable kit PP30 add-on 2X;L0790072RA;1
4001292RE;Cable kit PP30 add-on 2X;L0790092RA;1
4001292RE;Cable kit PP30 add-on 2X;L0490586R0;1
4001292RE;Cable kit PP30 add-on 2X;4006375RB;1
4001292RE;Cable kit PP30 add-on 2X;4014275RA;1
4001292RE;Cable kit PP30 add-on 2X;4006336RA;1
4001292RE;Cable kit PP30 add-on 2X;4006334RA;1
4000763RB;Cable base kit;L0490540R0;1
4000763RB;Cable base kit;L0490014R3;1
4000763RB;Cable base kit;L0590020R0;1
4000763RB;Cable base kit;L0590025R0;1
4000763RB;Cable base kit;L0590057R1;1
4000763RB;Cable base kit;L0590058R0;2
4000763RB;Cable base kit;L0590074R0;1
4000763RB;Cable base kit;4006358RA;1
4000763RB;Cable base kit;4006370RA;1
4000763RB;Cable base kit;4006357RA;1
4000763RB;Cable base kit;4006359RA;1
4000763RB;Cable base kit;L0790029RD;1
4001291RK;Cable Base kit PP30 X;L0490540R0;1
4001291RK;Cable Base kit PP30 X;L0590023R0;1
4001291RK;Cable Base kit PP30 X;L0590249R0;1
4001291RK;Cable Base kit PP30 X;4022022RA;1
4001291RK;Cable Base kit PP30 X;4025015RA;1
4001291RK;Cable Base kit PP30 X;4025016RA;1
4001291RK;Cable Base kit PP30 X;4006366RA;1
4001291RK;Cable Base kit PP30 X;4006373RB;1
4001291RK;Cable Base kit PP30 X;4014275RA;1
4001291RK;Cable Base kit PP30 X;L0490331R0;1
4001291RK;Cable Base kit PP30 X;4048552RA;1
4001291RK;Cable Base kit PP30 X;4060869RA;1
4001291RK;Cable Base kit PP30 X;L0490539R0;3
4001291RK;Cable Base kit PP30 X;L0790056RB;1
4001291RK;Cable Base kit PP30 X;L0790057RD;1
4001291RK;Cable Base kit PP30 X;L0790058RE;1
4001291RK;Cable Base kit PP30 X;L0790072RA;1
4001291RK;Cable Base kit PP30 X;L0790084RA;1
4001291RK;Cable Base kit PP30 X;L0790089RB;1
4001291RK;Cable Base kit PP30 X;L0790094RC;3
4001291RK;Cable Base kit PP30 X;4006046RA;2
4001291RK;Cable Base kit PP30 X;4006333RA;1
4001291RK;Cable Base kit PP30 X;4006337RA;1
4001291RK;Cable Base kit PP30 X;4006121RA;2
4001291RK;Cable Base kit PP30 X;L0790092RA;1
4001291RK;Cable Base kit PP30 X;L0590286-2;1
4001291RK;Cable Base kit PP30 X;HDMI-1060D-FLEX;1
